<?xml version="1.0" encoding="UTF-8"?>
<!-- IMPORTANT: This is an internal file that has been generated
     by the Xilinx ISE software.  Any direct editing or
     changes made to this file may result in unpredictable
     behavior or data corruption.  It is strongly advised that
     users do not edit the contents of this file. -->
<DeviceUsageSummary rev="5">
<DesignStatistics TimeStamp="Thu Feb 15 19:53:39 2018"><group name="NetStatistics">
<item name="NumNets_Active" rev="5">
<attrib name="value" value="145"/></item>
<item name="NumNets_Vcc" rev="5">
<attrib name="value" value="1"/></item>
<item name="NumNodesOfType_Active_BOUNCEIN" rev="5">
<attrib name="value" value="16"/></item>
<item name="NumNodesOfType_Active_BUFGOUT" rev="5">
<attrib name="value" value="1"/></item>
<item name="NumNodesOfType_Active_BUFHINP2OUT" rev="5">
<attrib name="value" value="1"/></item>
<item name="NumNodesOfType_Active_CLKPIN" rev="5">
<attrib name="value" value="16"/></item>
<item name="NumNodesOfType_Active_CLKPINFEED" rev="5">
<attrib name="value" value="1"/></item>
<item name="NumNodesOfType_Active_CNTRLPIN" rev="5">
<attrib name="value" value="32"/></item>
<item name="NumNodesOfType_Active_DOUBLE" rev="5">
<attrib name="value" value="179"/></item>
<item name="NumNodesOfType_Active_GENERIC" rev="5">
<attrib name="value" value="55"/></item>
<item name="NumNodesOfType_Active_GLOBAL" rev="5">
<attrib name="value" value="12"/></item>
<item name="NumNodesOfType_Active_INPUT" rev="5">
<attrib name="value" value="1"/></item>
<item name="NumNodesOfType_Active_IOBIN2OUT" rev="5">
<attrib name="value" value="35"/></item>
<item name="NumNodesOfType_Active_IOBOUTPUT" rev="5">
<attrib name="value" value="35"/></item>
<item name="NumNodesOfType_Active_LUTINPUT" rev="5">
<attrib name="value" value="208"/></item>
<item name="NumNodesOfType_Active_OUTBOUND" rev="5">
<attrib name="value" value="126"/></item>
<item name="NumNodesOfType_Active_OUTPUT" rev="5">
<attrib name="value" value="89"/></item>
<item name="NumNodesOfType_Active_PADINPUT" rev="5">
<attrib name="value" value="16"/></item>
<item name="NumNodesOfType_Active_PADOUTPUT" rev="5">
<attrib name="value" value="20"/></item>
<item name="NumNodesOfType_Active_PINBOUNCE" rev="5">
<attrib name="value" value="121"/></item>
<item name="NumNodesOfType_Active_PINFEED" rev="5">
<attrib name="value" value="257"/></item>
<item name="NumNodesOfType_Active_QUAD" rev="5">
<attrib name="value" value="180"/></item>
<item name="NumNodesOfType_Active_REGINPUT" rev="5">
<attrib name="value" value="80"/></item>
<item name="NumNodesOfType_Active_SINGLE" rev="5">
<attrib name="value" value="225"/></item>
<item name="NumNodesOfType_Vcc_HVCCOUT" rev="5">
<attrib name="value" value="1"/></item>
<item name="NumNodesOfType_Vcc_LUTINPUT" rev="5">
<attrib name="value" value="4"/></item>
<item name="NumNodesOfType_Vcc_PINFEED" rev="5">
<attrib name="value" value="4"/></item>
</group>
<group name="SiteStatistics">
<item name="BUFG-BUFGMUX" rev="5">
<attrib name="value" value="1"/></item>
<item name="IOB-IOBM" rev="5">
<attrib name="value" value="16"/></item>
<item name="IOB-IOBS" rev="5">
<attrib name="value" value="20"/></item>
<item name="SLICEL-SLICEM" rev="5">
<attrib name="value" value="9"/></item>
<item name="SLICEX-SLICEL" rev="5">
<attrib name="value" value="2"/></item>
<item name="SLICEX-SLICEM" rev="5">
<attrib name="value" value="2"/></item>
</group>
<group name="MiscellaneousStatistics">
<item name="AGG_BONDED_IO" rev="4">
<attrib name="value" value="36"/></item>
<item name="AGG_IO" rev="4">
<attrib name="value" value="36"/></item>
<item name="AGG_LOCED_IO" rev="4">
<attrib name="value" value="22"/></item>
<item name="AGG_SLICE" rev="4">
<attrib name="value" value="33"/></item>
<item name="NUM_BONDED_IOB" rev="4">
<attrib name="value" value="36"/></item>
<item name="NUM_BSLUTONLY" rev="4">
<attrib name="value" value="36"/></item>
<item name="NUM_BSREGONLY" rev="4">
<attrib name="value" value="64"/></item>
<item name="NUM_BSUSED" rev="4">
<attrib name="value" value="100"/></item>
<item name="NUM_BUFG" rev="4">
<attrib name="value" value="1"/></item>
<item name="NUM_LOCED_IOB" rev="4">
<attrib name="value" value="22"/></item>
<item name="NUM_LOGIC_O5ANDO6" rev="4">
<attrib name="value" value="4"/></item>
<item name="NUM_LOGIC_O6ONLY" rev="4">
<attrib name="value" value="32"/></item>
<item name="NUM_SLICEL" rev="4">
<attrib name="value" value="16"/></item>
<item name="NUM_SLICEX" rev="4">
<attrib name="value" value="17"/></item>
<item name="NUM_SLICE_CONTROLSET" rev="4">
<attrib name="value" value="8"/></item>
<item name="NUM_SLICE_CYINIT" rev="4">
<attrib name="value" value="40"/></item>
<item name="NUM_SLICE_F7MUX" rev="4">
<attrib name="value" value="16"/></item>
<item name="NUM_SLICE_FF" rev="4">
<attrib name="value" value="64"/></item>
<item name="NUM_SLICE_UNUSEDCTRL" rev="4">
<attrib name="value" value="17"/></item>
</group>
</DesignStatistics>
<DeviceUsage TimeStamp="Thu Feb 15 19:53:39 2018"><group name="SiteSummary">
<item name="BUFG" rev="5">
<attrib name="total" value="1000000"/><attrib name="used" value="1"/></item>
<item name="BUFG_BUFG" rev="5">
<attrib name="total" value="1000000"/><attrib name="used" value="1"/></item>
<item name="IOB" rev="5">
<attrib name="total" value="1000000"/><attrib name="used" value="36"/></item>
<item name="IOB_IMUX" rev="5">
<attrib name="total" value="1000000"/><attrib name="used" value="20"/></item>
<item name="IOB_INBUF" rev="5">
<attrib name="total" value="1000000"/><attrib name="used" value="20"/></item>
<item name="IOB_OUTBUF" rev="5">
<attrib name="total" value="1000000"/><attrib name="used" value="16"/></item>
<item name="LUT5" rev="5">
<attrib name="total" value="1000000"/><attrib name="used" value="4"/></item>
<item name="LUT6" rev="5">
<attrib name="total" value="1000000"/><attrib name="used" value="36"/></item>
<item name="PAD" rev="5">
<attrib name="total" value="1000000"/><attrib name="used" value="36"/></item>
<item name="REG_SR" rev="5">
<attrib name="total" value="1000000"/><attrib name="used" value="64"/></item>
<item name="SELMUX2_1" rev="5">
<attrib name="total" value="1000000"/><attrib name="used" value="16"/></item>
<item name="SLICEL" rev="5">
<attrib name="total" value="1000000"/><attrib name="used" value="16"/></item>
<item name="SLICEX" rev="5">
<attrib name="total" value="1000000"/><attrib name="used" value="17"/></item>
</group>
</DeviceUsage>
<ReportConfigData TimeStamp="Thu Feb 15 19:53:39 2018"><group name="REG_SR">
<item name="CK" rev="5">
<attrib name="CK" value="64"/><attrib name="CK_INV" value="0"/></item>
<item name="LATCH_OR_FF" rev="5">
<attrib name="FF" value="64"/></item>
<item name="SRINIT" rev="5">
<attrib name="SRINIT0" value="64"/></item>
<item name="SYNC_ATTR" rev="5">
<attrib name="ASYNC" value="64"/></item>
</group>
<group name="IOB_OUTBUF">
<item name="DRIVEATTRBOX" rev="5">
<attrib name="12" value="16"/></item>
<item name="SLEW" rev="5">
<attrib name="SLOW" value="16"/></item>
<item name="SUSPEND" rev="5">
<attrib name="3STATE" value="16"/></item>
</group>
<group name="SLICEX">
<item name="CLK" rev="5">
<attrib name="CLK" value="16"/><attrib name="CLK_INV" value="0"/></item>
</group>
<group name="FF_SR">
<item name="CK" rev="3">
<attrib name="CK" value="8"/><attrib name="CK_INV" value="0"/></item>
<item name="SRINIT" rev="3">
<attrib name="SRINIT0" value="8"/></item>
<item name="SYNC_ATTR" rev="3">
<attrib name="ASYNC" value="8"/></item>
</group>
</ReportConfigData>
<ReportPinData TimeStamp="Thu Feb 15 19:53:39 2018"><group name="REG_SR">
<item name="CE" rev="5">
<attrib name="value" value="64"/></item>
<item name="CK" rev="5">
<attrib name="value" value="64"/></item>
<item name="D" rev="5">
<attrib name="value" value="64"/></item>
<item name="Q" rev="5">
<attrib name="value" value="64"/></item>
<item name="SR" rev="5">
<attrib name="value" value="64"/></item>
</group>
<group name="SLICEL">
<item name="C1" rev="5">
<attrib name="value" value="16"/></item>
<item name="C2" rev="5">
<attrib name="value" value="16"/></item>
<item name="C3" rev="5">
<attrib name="value" value="16"/></item>
<item name="C4" rev="5">
<attrib name="value" value="16"/></item>
<item name="C5" rev="5">
<attrib name="value" value="16"/></item>
<item name="C6" rev="5">
<attrib name="value" value="16"/></item>
<item name="CMUX" rev="5">
<attrib name="value" value="16"/></item>
<item name="CX" rev="5">
<attrib name="value" value="16"/></item>
<item name="D1" rev="5">
<attrib name="value" value="16"/></item>
<item name="D2" rev="5">
<attrib name="value" value="16"/></item>
<item name="D3" rev="5">
<attrib name="value" value="16"/></item>
<item name="D4" rev="5">
<attrib name="value" value="16"/></item>
<item name="D5" rev="5">
<attrib name="value" value="16"/></item>
<item name="D6" rev="5">
<attrib name="value" value="16"/></item>
</group>
<group name="IOB_OUTBUF">
<item name="IN" rev="5">
<attrib name="value" value="16"/></item>
<item name="OUT" rev="5">
<attrib name="value" value="16"/></item>
</group>
<group name="SLICEX">
<item name="A" rev="5">
<attrib name="value" value="1"/></item>
<item name="A2" rev="5">
<attrib name="value" value="1"/></item>
<item name="A3" rev="5">
<attrib name="value" value="1"/></item>
<item name="A4" rev="5">
<attrib name="value" value="1"/></item>
<item name="A5" rev="5">
<attrib name="value" value="1"/></item>
<item name="A6" rev="5">
<attrib name="value" value="1"/></item>
<item name="AMUX" rev="5">
<attrib name="value" value="1"/></item>
<item name="AQ" rev="5">
<attrib name="value" value="16"/></item>
<item name="AX" rev="5">
<attrib name="value" value="16"/></item>
<item name="B" rev="5">
<attrib name="value" value="1"/></item>
<item name="B2" rev="5">
<attrib name="value" value="1"/></item>
<item name="B3" rev="5">
<attrib name="value" value="1"/></item>
<item name="B4" rev="5">
<attrib name="value" value="1"/></item>
<item name="B5" rev="5">
<attrib name="value" value="1"/></item>
<item name="B6" rev="5">
<attrib name="value" value="1"/></item>
<item name="BMUX" rev="5">
<attrib name="value" value="1"/></item>
<item name="BQ" rev="5">
<attrib name="value" value="16"/></item>
<item name="BX" rev="5">
<attrib name="value" value="16"/></item>
<item name="C" rev="5">
<attrib name="value" value="1"/></item>
<item name="C2" rev="5">
<attrib name="value" value="1"/></item>
<item name="C3" rev="5">
<attrib name="value" value="1"/></item>
<item name="C4" rev="5">
<attrib name="value" value="1"/></item>
<item name="C5" rev="5">
<attrib name="value" value="1"/></item>
<item name="C6" rev="5">
<attrib name="value" value="1"/></item>
<item name="CE" rev="5">
<attrib name="value" value="16"/></item>
<item name="CLK" rev="5">
<attrib name="value" value="16"/></item>
<item name="CMUX" rev="5">
<attrib name="value" value="1"/></item>
<item name="CQ" rev="5">
<attrib name="value" value="16"/></item>
<item name="CX" rev="5">
<attrib name="value" value="16"/></item>
<item name="D" rev="5">
<attrib name="value" value="1"/></item>
<item name="D2" rev="5">
<attrib name="value" value="1"/></item>
<item name="D3" rev="5">
<attrib name="value" value="1"/></item>
<item name="D4" rev="5">
<attrib name="value" value="1"/></item>
<item name="D5" rev="5">
<attrib name="value" value="1"/></item>
<item name="D6" rev="5">
<attrib name="value" value="1"/></item>
<item name="DMUX" rev="5">
<attrib name="value" value="1"/></item>
<item name="DQ" rev="5">
<attrib name="value" value="16"/></item>
<item name="DX" rev="5">
<attrib name="value" value="16"/></item>
<item name="SR" rev="5">
<attrib name="value" value="16"/></item>
</group>
<group name="BUFG_BUFG">
<item name="I0" rev="5">
<attrib name="value" value="1"/></item>
<item name="O" rev="5">
<attrib name="value" value="1"/></item>
</group>
<group name="PAD">
<item name="PAD" rev="5">
<attrib name="value" value="36"/></item>
</group>
<group name="IOB_INBUF">
<item name="OUT" rev="5">
<attrib name="value" value="20"/></item>
<item name="PAD" rev="5">
<attrib name="value" value="20"/></item>
</group>
<group name="LUT5">
<item name="A2" rev="5">
<attrib name="value" value="4"/></item>
<item name="A3" rev="5">
<attrib name="value" value="4"/></item>
<item name="A4" rev="5">
<attrib name="value" value="4"/></item>
<item name="A5" rev="5">
<attrib name="value" value="4"/></item>
<item name="O5" rev="5">
<attrib name="value" value="4"/></item>
</group>
<group name="LUT6">
<item name="A1" rev="5">
<attrib name="value" value="32"/></item>
<item name="A2" rev="5">
<attrib name="value" value="36"/></item>
<item name="A3" rev="5">
<attrib name="value" value="36"/></item>
<item name="A4" rev="5">
<attrib name="value" value="36"/></item>
<item name="A5" rev="5">
<attrib name="value" value="36"/></item>
<item name="A6" rev="5">
<attrib name="value" value="36"/></item>
<item name="O6" rev="5">
<attrib name="value" value="36"/></item>
</group>
<group name="SELMUX2_1">
<item name="0" rev="5">
<attrib name="value" value="16"/></item>
<item name="1" rev="5">
<attrib name="value" value="16"/></item>
<item name="OUT" rev="5">
<attrib name="value" value="16"/></item>
<item name="S0" rev="5">
<attrib name="value" value="16"/></item>
</group>
<group name="IOB_IMUX">
<item name="I" rev="5">
<attrib name="value" value="20"/></item>
<item name="OUT" rev="5">
<attrib name="value" value="20"/></item>
</group>
<group name="IOB">
<item name="I" rev="5">
<attrib name="value" value="20"/></item>
<item name="O" rev="5">
<attrib name="value" value="16"/></item>
<item name="PAD" rev="5">
<attrib name="value" value="36"/></item>
</group>
<group name="FF_SR">
<item name="CE" rev="3">
<attrib name="value" value="8"/></item>
<item name="CK" rev="3">
<attrib name="value" value="8"/></item>
<item name="D" rev="3">
<attrib name="value" value="8"/></item>
<item name="Q" rev="3">
<attrib name="value" value="8"/></item>
<item name="SR" rev="3">
<attrib name="value" value="8"/></item>
</group>
<group name="BUFG">
<item name="I0" rev="5">
<attrib name="value" value="1"/></item>
<item name="O" rev="5">
<attrib name="value" value="1"/></item>
</group>
</ReportPinData>
<CmdHistory>
</CmdHistory>
</DeviceUsageSummary>
