<?xml version="1.0" encoding="UTF-8"?>
<!-- IMPORTANT: This is an internal file that has been generated
     by the Xilinx ISE software.  Any direct editing or
     changes made to this file may result in unpredictable
     behavior or data corruption.  It is strongly advised that
     users do not edit the contents of this file. -->
<DeviceUsageSummary rev="3">
<DesignStatistics TimeStamp="Thu Mar  8 17:11:09 2018"><group name="NetStatistics">
<item name="NumNets_Active" rev="2">
<attrib name="value" value="56"/></item>
<item name="NumNets_Vcc" rev="2">
<attrib name="value" value="1"/></item>
<item name="NumNodesOfType_Active_BOUNCEIN" rev="2">
<attrib name="value" value="7"/></item>
<item name="NumNodesOfType_Active_DOUBLE" rev="2">
<attrib name="value" value="40"/></item>
<item name="NumNodesOfType_Active_GENERIC" rev="2">
<attrib name="value" value="28"/></item>
<item name="NumNodesOfType_Active_IOBIN2OUT" rev="2">
<attrib name="value" value="16"/></item>
<item name="NumNodesOfType_Active_IOBOUTPUT" rev="2">
<attrib name="value" value="16"/></item>
<item name="NumNodesOfType_Active_LUTINPUT" rev="2">
<attrib name="value" value="137"/></item>
<item name="NumNodesOfType_Active_OUTBOUND" rev="2">
<attrib name="value" value="53"/></item>
<item name="NumNodesOfType_Active_OUTPUT" rev="2">
<attrib name="value" value="30"/></item>
<item name="NumNodesOfType_Active_PADINPUT" rev="2">
<attrib name="value" value="4"/></item>
<item name="NumNodesOfType_Active_PADOUTPUT" rev="2">
<attrib name="value" value="12"/></item>
<item name="NumNodesOfType_Active_PINBOUNCE" rev="2">
<attrib name="value" value="11"/></item>
<item name="NumNodesOfType_Active_PINFEED" rev="2">
<attrib name="value" value="141"/></item>
<item name="NumNodesOfType_Active_QUAD" rev="2">
<attrib name="value" value="105"/></item>
<item name="NumNodesOfType_Active_REGINPUT" rev="2">
<attrib name="value" value="1"/></item>
<item name="NumNodesOfType_Active_SINGLE" rev="2">
<attrib name="value" value="64"/></item>
<item name="NumNodesOfType_Vcc_HVCCOUT" rev="2">
<attrib name="value" value="4"/></item>
<item name="NumNodesOfType_Vcc_LUTINPUT" rev="2">
<attrib name="value" value="4"/></item>
<item name="NumNodesOfType_Vcc_PINFEED" rev="2">
<attrib name="value" value="4"/></item>
</group>
<group name="SiteStatistics">
<item name="IOB-IOBM" rev="2">
<attrib name="value" value="7"/></item>
<item name="IOB-IOBS" rev="2">
<attrib name="value" value="9"/></item>
<item name="SLICEL-SLICEM" rev="2">
<attrib name="value" value="1"/></item>
<item name="SLICEX-SLICEL" rev="2">
<attrib name="value" value="2"/></item>
<item name="SLICEX-SLICEM" rev="2">
<attrib name="value" value="3"/></item>
</group>
<group name="MiscellaneousStatistics">
<item name="AGG_BONDED_IO" rev="3">
<attrib name="value" value="16"/></item>
<item name="AGG_IO" rev="3">
<attrib name="value" value="16"/></item>
<item name="AGG_LOCED_IO" rev="3">
<attrib name="value" value="16"/></item>
<item name="AGG_SLICE" rev="3">
<attrib name="value" value="9"/></item>
<item name="NUM_BONDED_IOB" rev="3">
<attrib name="value" value="16"/></item>
<item name="NUM_BSLUTONLY" rev="3">
<attrib name="value" value="25"/></item>
<item name="NUM_BSUSED" rev="3">
<attrib name="value" value="25"/></item>
<item name="NUM_LOCED_IOB" rev="3">
<attrib name="value" value="16"/></item>
<item name="NUM_LOGIC_O5ANDO6" rev="3">
<attrib name="value" value="4"/></item>
<item name="NUM_LOGIC_O6ONLY" rev="3">
<attrib name="value" value="21"/></item>
<item name="NUM_SLICEL" rev="3">
<attrib name="value" value="1"/></item>
<item name="NUM_SLICEX" rev="3">
<attrib name="value" value="8"/></item>
<item name="NUM_SLICE_CYINIT" rev="3">
<attrib name="value" value="29"/></item>
<item name="NUM_SLICE_F7MUX" rev="3">
<attrib name="value" value="1"/></item>
<item name="NUM_SLICE_UNUSEDCTRL" rev="3">
<attrib name="value" value="9"/></item>
</group>
</DesignStatistics>
<ReportConfigData TimeStamp="Tue Mar  6 17:04:35 2018"><group name="IOB_OUTBUF">
<item name="DRIVEATTRBOX" rev="2">
<attrib name="12" value="4"/></item>
<item name="SLEW" rev="2">
<attrib name="SLOW" value="4"/></item>
<item name="SUSPEND" rev="2">
<attrib name="3STATE" value="4"/></item>
</group>
</ReportConfigData>
<ReportPinData TimeStamp="Tue Mar  6 17:04:35 2018"><group name="SLICEL">
<item name="B" rev="2">
<attrib name="value" value="1"/></item>
<item name="B1" rev="2">
<attrib name="value" value="1"/></item>
<item name="B2" rev="2">
<attrib name="value" value="1"/></item>
<item name="B3" rev="2">
<attrib name="value" value="1"/></item>
<item name="B4" rev="2">
<attrib name="value" value="1"/></item>
<item name="B5" rev="2">
<attrib name="value" value="1"/></item>
<item name="B6" rev="2">
<attrib name="value" value="1"/></item>
<item name="C2" rev="2">
<attrib name="value" value="1"/></item>
<item name="C3" rev="2">
<attrib name="value" value="1"/></item>
<item name="C4" rev="2">
<attrib name="value" value="1"/></item>
<item name="C5" rev="2">
<attrib name="value" value="1"/></item>
<item name="C6" rev="2">
<attrib name="value" value="1"/></item>
<item name="CMUX" rev="2">
<attrib name="value" value="1"/></item>
<item name="CX" rev="2">
<attrib name="value" value="1"/></item>
<item name="D1" rev="2">
<attrib name="value" value="1"/></item>
<item name="D2" rev="2">
<attrib name="value" value="1"/></item>
<item name="D3" rev="2">
<attrib name="value" value="1"/></item>
<item name="D4" rev="2">
<attrib name="value" value="1"/></item>
<item name="D5" rev="2">
<attrib name="value" value="1"/></item>
<item name="D6" rev="2">
<attrib name="value" value="1"/></item>
</group>
<group name="IOB_OUTBUF">
<item name="IN" rev="2">
<attrib name="value" value="4"/></item>
<item name="OUT" rev="2">
<attrib name="value" value="4"/></item>
</group>
<group name="SLICEX">
<item name="A" rev="2">
<attrib name="value" value="6"/></item>
<item name="A1" rev="2">
<attrib name="value" value="5"/></item>
<item name="A2" rev="2">
<attrib name="value" value="6"/></item>
<item name="A3" rev="2">
<attrib name="value" value="6"/></item>
<item name="A4" rev="2">
<attrib name="value" value="6"/></item>
<item name="A5" rev="2">
<attrib name="value" value="6"/></item>
<item name="A6" rev="2">
<attrib name="value" value="6"/></item>
<item name="AMUX" rev="2">
<attrib name="value" value="1"/></item>
<item name="B" rev="2">
<attrib name="value" value="5"/></item>
<item name="B1" rev="2">
<attrib name="value" value="3"/></item>
<item name="B2" rev="2">
<attrib name="value" value="5"/></item>
<item name="B3" rev="2">
<attrib name="value" value="5"/></item>
<item name="B4" rev="2">
<attrib name="value" value="5"/></item>
<item name="B5" rev="2">
<attrib name="value" value="5"/></item>
<item name="B6" rev="2">
<attrib name="value" value="5"/></item>
<item name="BMUX" rev="2">
<attrib name="value" value="3"/></item>
<item name="C" rev="2">
<attrib name="value" value="5"/></item>
<item name="C1" rev="2">
<attrib name="value" value="4"/></item>
<item name="C2" rev="2">
<attrib name="value" value="5"/></item>
<item name="C3" rev="2">
<attrib name="value" value="5"/></item>
<item name="C4" rev="2">
<attrib name="value" value="5"/></item>
<item name="C5" rev="2">
<attrib name="value" value="5"/></item>
<item name="C6" rev="2">
<attrib name="value" value="5"/></item>
<item name="D" rev="2">
<attrib name="value" value="6"/></item>
<item name="D1" rev="2">
<attrib name="value" value="3"/></item>
<item name="D2" rev="2">
<attrib name="value" value="5"/></item>
<item name="D3" rev="2">
<attrib name="value" value="6"/></item>
<item name="D4" rev="2">
<attrib name="value" value="6"/></item>
<item name="D5" rev="2">
<attrib name="value" value="6"/></item>
<item name="D6" rev="2">
<attrib name="value" value="6"/></item>
</group>
<group name="PAD">
<item name="PAD" rev="2">
<attrib name="value" value="16"/></item>
</group>
<group name="IOB_INBUF">
<item name="OUT" rev="2">
<attrib name="value" value="12"/></item>
<item name="PAD" rev="2">
<attrib name="value" value="12"/></item>
</group>
<group name="LUT5">
<item name="A1" rev="2">
<attrib name="value" value="2"/></item>
<item name="A2" rev="2">
<attrib name="value" value="3"/></item>
<item name="A3" rev="2">
<attrib name="value" value="2"/></item>
<item name="A4" rev="2">
<attrib name="value" value="4"/></item>
<item name="A5" rev="2">
<attrib name="value" value="4"/></item>
<item name="O5" rev="2">
<attrib name="value" value="4"/></item>
</group>
<group name="LUT6">
<item name="A1" rev="2">
<attrib name="value" value="16"/></item>
<item name="A2" rev="2">
<attrib name="value" value="23"/></item>
<item name="A3" rev="2">
<attrib name="value" value="25"/></item>
<item name="A4" rev="2">
<attrib name="value" value="25"/></item>
<item name="A5" rev="2">
<attrib name="value" value="25"/></item>
<item name="A6" rev="2">
<attrib name="value" value="25"/></item>
<item name="O6" rev="2">
<attrib name="value" value="25"/></item>
</group>
<group name="SELMUX2_1">
<item name="0" rev="2">
<attrib name="value" value="1"/></item>
<item name="1" rev="2">
<attrib name="value" value="1"/></item>
<item name="OUT" rev="2">
<attrib name="value" value="1"/></item>
<item name="S0" rev="2">
<attrib name="value" value="1"/></item>
</group>
<group name="IOB_IMUX">
<item name="I" rev="2">
<attrib name="value" value="12"/></item>
<item name="OUT" rev="2">
<attrib name="value" value="12"/></item>
</group>
<group name="IOB">
<item name="I" rev="2">
<attrib name="value" value="12"/></item>
<item name="O" rev="2">
<attrib name="value" value="4"/></item>
<item name="PAD" rev="2">
<attrib name="value" value="16"/></item>
</group>
</ReportPinData>
<CmdHistory>
</CmdHistory>
</DeviceUsageSummary>
