<?xml version="1.0"?>
<Interface Version="1" Minor="1">
	<Ifc Id="ROOT" Top="1">
		<Bus Id="Soda_price_in">
			<Port Id="3" Dir="IN"/>
			<Port Id="2" Dir="IN"/>
			<Port Id="1" Dir="IN"/>
			<Port Id="0" Dir="IN"/>
		</Bus>
		<Port Id="Qrcd_in" Dir="IN"/>
		<Port Id="Drcd_in" Dir="IN"/>
		<Port Id="Nrcd_in" Dir="IN"/>
		<Port Id="Clk_in" Dir="IN"/>
		<Port Id="Reset_n_in" Dir="IN"/>
		<Port Id="Soda_req_in" Dir="IN"/>
		<Port Id="Drop_soda_out" Dir="OUT"/>
		<Port Id="Qrcd_out" Dir="OUT"/>
		<Port Id="Drcd_out" Dir="OUT"/>
		<Port Id="Nrcd_out" Dir="OUT"/>
		<Port Id="Amt_err" Dir="OUT"/>
		<Port Id="unused_anode" Dir="OUT"/>
		<Port Id="hund_anode_out" Dir="OUT"/>
		<Port Id="tens_anode_out" Dir="OUT"/>
		<Port Id="ones_anode_out" Dir="OUT"/>
		<Port Id="CAn_out" Dir="OUT"/>
		<Port Id="CBn_out" Dir="OUT"/>
		<Port Id="CCn_out" Dir="OUT"/>
		<Port Id="CDn_out" Dir="OUT"/>
		<Port Id="CEn_out" Dir="OUT"/>
		<Port Id="CFn_out" Dir="OUT"/>
		<Port Id="CGn_out" Dir="OUT"/>
	</Ifc>
</Interface>

